chain, residue_label, residue_name, score, zscore, probability, pocket
A,    1, MET,  0.6287,  -0.0290,   0.0562, 13
A,    2, GLY,  0.3189,  -0.2017,   0.0156, 0
A,    3, SER,  0.5881,  -0.0517,   0.0494, 0
A,    4, PRO,  0.3501,  -0.1843,   0.0185, 0
A,    5, GLU,  0.0896,  -0.3295,   0.0020, 0
A,    6, GLY,  0.1575,  -0.2917,   0.0047, 0
A,    7, ARG,  0.2317,  -0.2503,   0.0088, 0
A,    8, PHE,  0.5297,  -0.0842,   0.0403, 0
A,    9, HIS,  0.7700,   0.0497,   0.0845, 13
A,   10, PHE,  0.1119,  -0.3171,   0.0028, 0
A,   11, ALA,  0.1119,  -0.3171,   0.0028, 0
A,   12, ILE,  0.0000,  -0.3795,   0.0002, 0
A,   13, ASP,  3.7457,   1.7084,   0.7136, 1
A,   14, ARG,  2.5613,   1.0482,   0.5338, 0
A,   15, GLY,  4.9827,   2.3979,   0.8236, 1
A,   16, GLY,  4.9928,   2.4035,   0.8243, 1
A,   17, THR, 11.8019,   6.1989,   0.9862, 1
A,   18, PHE, 13.8407,   7.3354,   0.9935, 1
A,   19, THR,  0.5452,  -0.0755,   0.0426, 0
A,   20, ASP,  4.2776,   2.0049,   0.7683, 1
A,   21, VAL,  0.0000,  -0.3795,   0.0002, 0
A,   22, PHE,  0.2015,  -0.2672,   0.0069, 0
A,   23, ALA,  0.1291,  -0.3075,   0.0034, 0
A,   24, GLN,  0.6656,  -0.0085,   0.0629, 0
A,   25, CYS,  0.3492,  -0.1848,   0.0184, 0
A,   26, PRO,  0.3141,  -0.2044,   0.0152, 0
A,   27, GLY,  0.3947,  -0.1595,   0.0230, 0
A,   28, GLY,  0.4288,  -0.1405,   0.0269, 0
A,   29, HIS,  0.2548,  -0.2375,   0.0104, 0
A,   30, VAL,  0.3685,  -0.1741,   0.0202, 0
A,   31, ARG,  0.1367,  -0.3033,   0.0037, 0
A,   32, VAL,  0.8359,   0.0865,   0.0996, 0
A,   33, LEU,  0.0799,  -0.3349,   0.0017, 0
A,   34, LYS,  8.1813,   4.1808,   0.9461, 1
A,   35, LEU,  0.4929,  -0.1047,   0.0349, 0
A,   36, LEU,  0.8749,   0.1082,   0.1090, 20
A,   37, SER,  0.6649,  -0.0088,   0.0628, 0
A,   38, GLU,  1.0851,   0.2254,   0.1640, 0
A,   39, ASP,  0.6219,  -0.0328,   0.0550, 0
A,   40, PRO,  0.0472,  -0.3532,   0.0010, 0
A,   41, ALA,  0.0116,  -0.3730,   0.0004, 0
A,   42, ASN,  0.3126,  -0.2052,   0.0150, 0
A,   43, TYR,  0.5693,  -0.0621,   0.0463, 0
A,   44, ALA,  0.4053,  -0.1536,   0.0241, 0
A,   45, ASP,  0.3865,  -0.1640,   0.0221, 0
A,   46, ALA,  0.0611,  -0.3454,   0.0013, 0
A,   47, PRO,  0.0111,  -0.3733,   0.0004, 0
A,   48, THR,  0.2342,  -0.2489,   0.0090, 0
A,   49, GLU,  0.2753,  -0.2260,   0.0120, 0
A,   50, GLY,  0.0034,  -0.3776,   0.0003, 0
A,   51, ILE,  0.0000,  -0.3795,   0.0002, 0
A,   52, ARG,  0.2498,  -0.2402,   0.0101, 0
A,   53, ARG,  0.4868,  -0.1081,   0.0341, 0
A,   54, ILE,  0.0029,  -0.3778,   0.0003, 0
A,   55, LEU,  0.9381,   0.1435,   0.1248, 0
A,   56, GLU,  0.5489,  -0.0735,   0.0431, 0
A,   57, GLN,  0.0321,  -0.3615,   0.0007, 0
A,   58, GLU,  0.2024,  -0.2667,   0.0070, 0
A,   59, ALA,  0.8363,   0.0867,   0.0996, 0
A,   60, GLY,  0.0216,  -0.3674,   0.0005, 0
A,   61, MET,  0.9513,   0.1508,   0.1282, 0
A,   62, LEU,  0.0679,  -0.3416,   0.0014, 0
A,   63, LEU,  0.9209,   0.1339,   0.1205, 0
A,   64, PRO,  0.1043,  -0.3213,   0.0025, 0
A,   65, ARG,  0.3545,  -0.1818,   0.0189, 0
A,   66, ASP,  0.1548,  -0.2932,   0.0045, 0
A,   67, GLN,  0.1481,  -0.2969,   0.0042, 0
A,   68, PRO,  0.1841,  -0.2768,   0.0060, 0
A,   69, LEU,  0.3961,  -0.1587,   0.0231, 0
A,   70, ASP,  0.7826,   0.0568,   0.0873, 0
A,   71, SER,  0.2153,  -0.2595,   0.0078, 0
A,   72, SER,  0.1333,  -0.3051,   0.0036, 0
A,   73, HIS,  0.9772,   0.1653,   0.1350, 0
A,   74, ILE,  0.0310,  -0.3622,   0.0007, 0
A,   75, ALA,  0.1254,  -0.3096,   0.0033, 0
A,   76, SER,  0.5879,  -0.0518,   0.0493, 13
A,   77, ILE,  0.0000,  -0.3795,   0.0002, 0
A,   78, ARG,  0.4768,  -0.1137,   0.0328, 13
A,   79, MET,  0.0000,  -0.3795,   0.0002, 0
A,   80, GLY,  0.0000,  -0.3795,   0.0002, 0
A,   81, THR,  0.0589,  -0.3466,   0.0012, 0
A,   82, THR,  2.5403,   1.0365,   0.5298, 1
A,   83, VAL,  0.6192,  -0.0343,   0.0545, 0
A,   84, ALA,  0.0579,  -0.3472,   0.0012, 0
A,   85, THR,  0.5064,  -0.0972,   0.0368, 1
A,   86, ASN,  0.8053,   0.0694,   0.0924, 0
A,   87, ALA,  0.1462,  -0.2980,   0.0042, 0
A,   88, LEU,  0.0008,  -0.3790,   0.0002, 0
A,   89, LEU,  0.6091,  -0.0399,   0.0528, 1
A,   90, GLU,  0.3999,  -0.1566,   0.0235, 0
A,   91, ARG,  0.1018,  -0.3227,   0.0024, 0
A,   92, LYS,  0.3267,  -0.1973,   0.0163, 0
A,   93, GLY,  0.0743,  -0.3381,   0.0016, 0
A,   94, GLU,  0.0601,  -0.3460,   0.0012, 0
A,   95, ARG,  0.0263,  -0.3648,   0.0006, 0
A,   96, VAL,  0.0123,  -0.3726,   0.0004, 0
A,   97, ALA,  0.0000,  -0.3795,   0.0002, 0
A,   98, LEU,  0.0180,  -0.3694,   0.0005, 0
A,   99, LEU,  0.0000,  -0.3795,   0.0002, 0
A,  100, VAL,  0.0000,  -0.3795,   0.0002, 0
A,  101, THR,  0.1944,  -0.2711,   0.0065, 0
A,  102, ARG,  0.2835,  -0.2214,   0.0126, 0
A,  103, GLY,  0.1974,  -0.2695,   0.0067, 0
A,  104, PHE,  0.1254,  -0.3095,   0.0033, 0
A,  105, ARG,  0.2580,  -0.2357,   0.0107, 0
A,  106, ASP,  0.2974,  -0.2137,   0.0138, 0
A,  107, LEU,  0.0304,  -0.3625,   0.0006, 0
A,  108, LEU,  0.7437,   0.0351,   0.0788, 11
A,  109, HIS,  1.2843,   0.3364,   0.2204, 11
A,  110, ILE,  0.5072,  -0.0967,   0.0369, 0
A,  111, GLY,  0.8105,   0.0723,   0.0936, 11
A,  112, THR,  1.1251,   0.2477,   0.1752, 11
A,  113, GLN,  0.2093,  -0.2628,   0.0074, 0
A,  114, ALA,  0.6775,  -0.0018,   0.0653, 0
A,  115, ARG,  1.0771,   0.2209,   0.1619, 0
A,  116, GLY,  0.6292,  -0.0288,   0.0563, 0
A,  117, ASP,  0.9211,   0.1340,   0.1206, 2
A,  118, LEU,  0.4635,  -0.1211,   0.0311, 0
A,  119, PHE,  1.5609,   0.4906,   0.2996, 2
A,  120, ASP,  1.4669,   0.4382,   0.2732, 2
A,  121, LEU,  2.9853,   1.2845,   0.6089, 2
A,  122, ALA,  1.2667,   0.3266,   0.2154, 2
A,  123, VAL,  0.8029,   0.0681,   0.0918, 0
A,  124, PRO,  0.4797,  -0.1121,   0.0332, 2
A,  125, MET,  1.2761,   0.3318,   0.2180, 11
A,  126, PRO,  0.8112,   0.0727,   0.0938, 11
A,  127, GLU,  0.3968,  -0.1583,   0.0232, 11
A,  128, VAL,  0.5275,  -0.0854,   0.0399, 18
A,  129, LEU,  0.2561,  -0.2367,   0.0105, 18
A,  130, TYR,  0.4239,  -0.1432,   0.0263, 18
A,  131, GLU,  0.0664,  -0.3424,   0.0014, 0
A,  132, GLU,  0.0351,  -0.3599,   0.0007, 0
A,  133, VAL,  0.1400,  -0.3014,   0.0039, 0
A,  134, LEU,  0.0180,  -0.3694,   0.0005, 0
A,  135, GLU,  0.1686,  -0.2855,   0.0052, 0
A,  136, VAL,  0.0468,  -0.3534,   0.0009, 0
A,  137, ASP,  0.0724,  -0.3391,   0.0015, 0
A,  138, GLU,  0.1939,  -0.2714,   0.0065, 0
A,  139, ARG,  0.2830,  -0.2217,   0.0126, 0
A,  140, VAL,  0.0910,  -0.3287,   0.0021, 0
A,  141, VAL,  0.3820,  -0.1665,   0.0216, 0
A,  142, LEU,  0.9210,   0.1339,   0.1206, 4
A,  143, HIS,  0.3203,  -0.2009,   0.0157, 0
A,  144, ARG,  0.3457,  -0.1868,   0.0181, 0
A,  145, GLY,  0.2253,  -0.2539,   0.0084, 0
A,  146, GLU,  0.3254,  -0.1981,   0.0162, 0
A,  147, ALA,  0.5392,  -0.0789,   0.0417, 0
A,  148, GLY,  0.4870,  -0.1080,   0.0342, 0
A,  149, THR,  0.1225,  -0.3112,   0.0032, 0
A,  150, GLY,  0.1174,  -0.3140,   0.0030, 0
A,  151, THR,  0.0332,  -0.3610,   0.0007, 0
A,  152, PRO,  0.0431,  -0.3554,   0.0009, 0
A,  153, VAL,  0.0916,  -0.3284,   0.0021, 0
A,  154, LYS,  0.1024,  -0.3224,   0.0024, 0
A,  155, GLY,  0.0569,  -0.3477,   0.0012, 0
A,  156, ARG,  0.2258,  -0.2536,   0.0084, 0
A,  157, THR,  0.8457,   0.0919,   0.1018, 0
A,  158, GLY,  0.0621,  -0.3448,   0.0013, 0
A,  159, ASP,  1.2671,   0.3268,   0.2155, 4
A,  160, LEU,  0.0442,  -0.3548,   0.0009, 0
A,  161, LEU,  0.0054,  -0.3765,   0.0003, 0
A,  162, GLU,  0.4041,  -0.1542,   0.0240, 0
A,  163, VAL,  0.1583,  -0.2912,   0.0047, 0
A,  164, GLN,  0.5485,  -0.0737,   0.0431, 0
A,  165, GLN,  0.0806,  -0.3346,   0.0018, 0
A,  166, PRO,  0.1344,  -0.3046,   0.0036, 0
A,  167, VAL,  0.0672,  -0.3420,   0.0014, 0
A,  168, ASP,  0.0318,  -0.3618,   0.0007, 0
A,  169, LEU,  0.0656,  -0.3429,   0.0014, 0
A,  170, GLY,  0.0481,  -0.3527,   0.0010, 0
A,  171, ALA,  0.0441,  -0.3549,   0.0009, 0
A,  172, LEU,  0.0261,  -0.3649,   0.0006, 0
A,  173, ARG,  0.0597,  -0.3462,   0.0012, 0
A,  174, GLY,  0.0096,  -0.3741,   0.0003, 0
A,  175, LYS,  0.0439,  -0.3550,   0.0009, 0
A,  176, LEU,  0.0059,  -0.3762,   0.0003, 0
A,  177, GLU,  0.0089,  -0.3745,   0.0003, 0
A,  178, GLY,  0.0080,  -0.3750,   0.0003, 0
A,  179, LEU,  0.0070,  -0.3755,   0.0003, 0
A,  180, LEU,  0.0273,  -0.3642,   0.0006, 0
A,  181, SER,  0.0193,  -0.3687,   0.0005, 0
A,  182, ARG,  0.0240,  -0.3661,   0.0005, 0
A,  183, GLY,  0.0181,  -0.3693,   0.0005, 0
A,  184, ILE,  0.0059,  -0.3762,   0.0003, 0
A,  185, ARG,  0.0401,  -0.3571,   0.0008, 0
A,  186, SER,  0.0017,  -0.3785,   0.0003, 0
A,  187, LEU,  0.0000,  -0.3795,   0.0002, 0
A,  188, ALA,  0.0000,  -0.3795,   0.0002, 0
A,  189, VAL,  0.0000,  -0.3795,   0.0002, 0
A,  190, VAL,  0.0000,  -0.3795,   0.0002, 0
A,  191, LEU,  0.0617,  -0.3451,   0.0013, 0
A,  192, MET,  0.0617,  -0.3451,   0.0013, 0
A,  193, HIS,  0.2343,  -0.2489,   0.0090, 0
A,  194, SER,  0.1179,  -0.3137,   0.0030, 0
A,  195, TYR,  1.3917,   0.3963,   0.2514, 4
A,  196, THR,  0.0869,  -0.3310,   0.0019, 0
A,  197, TRP,  0.2644,  -0.2321,   0.0111, 0
A,  198, ALA,  0.1519,  -0.2948,   0.0044, 0
A,  199, GLN,  0.2350,  -0.2485,   0.0091, 0
A,  200, HIS,  0.1988,  -0.2686,   0.0068, 0
A,  201, GLU,  0.0635,  -0.3440,   0.0013, 0
A,  202, GLN,  0.0879,  -0.3305,   0.0020, 0
A,  203, GLN,  0.1164,  -0.3146,   0.0029, 0
A,  204, VAL,  0.0096,  -0.3741,   0.0003, 0
A,  205, GLY,  0.0068,  -0.3757,   0.0003, 0
A,  206, VAL,  0.0390,  -0.3577,   0.0008, 0
A,  207, LEU,  0.0420,  -0.3560,   0.0009, 0
A,  208, ALA,  0.0051,  -0.3766,   0.0003, 0
A,  209, ARG,  0.1085,  -0.3190,   0.0026, 0
A,  210, GLU,  0.0427,  -0.3557,   0.0009, 0
A,  211, LEU,  0.0198,  -0.3684,   0.0005, 0
A,  212, GLY,  0.0253,  -0.3654,   0.0006, 0
A,  213, PHE,  0.0478,  -0.3528,   0.0010, 0
A,  214, THR,  0.0928,  -0.3277,   0.0021, 0
A,  215, HIS,  0.4663,  -0.1195,   0.0314, 15
A,  216, VAL,  0.1423,  -0.3001,   0.0040, 15
A,  217, SER,  0.4164,  -0.1474,   0.0254, 15
A,  218, LEU,  0.0627,  -0.3445,   0.0013, 0
A,  219, SER,  0.0000,  -0.3795,   0.0002, 0
A,  220, SER,  0.0910,  -0.3288,   0.0021, 0
A,  221, GLU,  0.3039,  -0.2100,   0.0143, 12
A,  222, ALA,  0.3760,  -0.1699,   0.0210, 12
A,  223, MET,  0.2407,  -0.2453,   0.0095, 0
A,  224, PRO,  0.1658,  -0.2871,   0.0050, 0
A,  225, MET,  1.0335,   0.1966,   0.1499, 7
A,  226, VAL,  1.8871,   0.6724,   0.3858, 4
A,  227, ARG,  1.3709,   0.3847,   0.2453, 4
A,  228, ILE,  0.0001,  -0.3794,   0.0002, 0
A,  229, VAL,  0.4997,  -0.1009,   0.0359, 11
A,  230, PRO,  0.6191,  -0.0344,   0.0545, 11
A,  231, ARG,  0.0000,  -0.3795,   0.0002, 0
A,  232, GLY,  0.1408,  -0.3010,   0.0039, 0
A,  233, HIS,  0.8663,   0.1034,   0.1068, 11
A,  234, THR,  0.1974,  -0.2694,   0.0067, 0
A,  235, ALA,  0.0000,  -0.3795,   0.0002, 0
A,  236, CYS,  0.1921,  -0.2724,   0.0064, 18
A,  237, ALA,  0.1408,  -0.3010,   0.0039, 0
A,  238, ASP,  0.4488,  -0.1293,   0.0293, 15
A,  239, ALA,  0.0000,  -0.3795,   0.0002, 0
A,  240, TYR,  0.0431,  -0.3555,   0.0009, 0
A,  241, LEU,  0.0000,  -0.3795,   0.0002, 0
A,  242, THR,  0.4190,  -0.1459,   0.0257, 15
A,  243, PRO,  0.0517,  -0.3506,   0.0011, 0
A,  244, ALA,  0.1391,  -0.3019,   0.0038, 0
A,  245, ILE,  0.0445,  -0.3547,   0.0009, 0
A,  246, GLN,  0.4153,  -0.1480,   0.0253, 0
A,  247, ARG,  0.1960,  -0.2702,   0.0066, 0
A,  248, TYR,  0.5840,  -0.0539,   0.0487, 0
A,  249, VAL,  0.2320,  -0.2502,   0.0089, 0
A,  250, GLN,  0.2511,  -0.2395,   0.0102, 0
A,  251, GLY,  0.1645,  -0.2878,   0.0050, 0
A,  252, PHE,  0.0982,  -0.3247,   0.0023, 0
A,  253, CYS,  0.3595,  -0.1791,   0.0194, 0
A,  254, ARG,  0.1688,  -0.2853,   0.0052, 0
A,  255, GLY,  0.2014,  -0.2672,   0.0069, 0
A,  256, PHE,  0.0532,  -0.3498,   0.0011, 0
A,  257, GLN,  0.0842,  -0.3325,   0.0019, 0
A,  258, GLY,  0.0550,  -0.3488,   0.0011, 0
A,  259, GLN,  0.2894,  -0.2181,   0.0131, 0
A,  260, LEU,  0.2103,  -0.2622,   0.0075, 0
A,  261, LYS,  0.1730,  -0.2831,   0.0054, 0
A,  262, ASP,  0.0510,  -0.3510,   0.0010, 0
A,  263, VAL,  0.2011,  -0.2673,   0.0069, 0
A,  264, GLN,  0.4813,  -0.1112,   0.0334, 13
A,  265, VAL,  0.2308,  -0.2508,   0.0088, 0
A,  266, LEU,  0.3132,  -0.2049,   0.0151, 0
A,  267, PHE,  0.0000,  -0.3795,   0.0002, 0
A,  268, MET,  0.0000,  -0.3795,   0.0002, 0
A,  269, ARG,  0.6551,  -0.0143,   0.0609, 12
A,  270, SER,  0.0047,  -0.3768,   0.0003, 0
A,  271, ASP,  0.6654,  -0.0086,   0.0629, 3
A,  272, GLY,  0.3874,  -0.1635,   0.0222, 3
A,  273, GLY,  0.1838,  -0.2770,   0.0060, 0
A,  274, LEU,  0.3211,  -0.2005,   0.0158, 0
A,  275, ALA,  0.3882,  -0.1631,   0.0223, 0
A,  276, PRO,  0.4129,  -0.1493,   0.0250, 0
A,  277, MET,  0.4087,  -0.1517,   0.0245, 0
A,  278, ASP,  0.3546,  -0.1818,   0.0189, 0
A,  279, THR,  0.5961,  -0.0472,   0.0506, 12
A,  280, PHE,  0.3554,  -0.1814,   0.0190, 15
A,  281, SER,  0.7690,   0.0492,   0.0843, 12
A,  282, GLY,  0.3140,  -0.2045,   0.0152, 0
A,  283, SER,  0.4199,  -0.1454,   0.0258, 12
A,  284, SER,  0.4695,  -0.1177,   0.0318, 12
A,  285, ALA,  0.0351,  -0.3599,   0.0007, 0
A,  286, VAL,  0.0506,  -0.3513,   0.0010, 0
A,  287, LEU,  0.6602,  -0.0115,   0.0619, 1
A,  288, SER,  0.0982,  -0.3247,   0.0023, 0
A,  289, GLY,  1.6539,   0.5424,   0.3250, 1
A,  290, PRO,  2.6481,   1.0966,   0.5502, 1
A,  291, ALA,  0.0579,  -0.3472,   0.0012, 0
A,  292, GLY,  0.0271,  -0.3643,   0.0006, 0
A,  293, GLY,  0.0621,  -0.3449,   0.0013, 0
A,  294, VAL,  0.0440,  -0.3550,   0.0009, 0
A,  295, VAL,  0.5137,  -0.0931,   0.0379, 3
A,  296, GLY,  0.0351,  -0.3599,   0.0007, 0
A,  297, TYR,  0.0430,  -0.3555,   0.0009, 0
A,  298, SER,  0.3383,  -0.1909,   0.0174, 3
A,  299, ALA,  0.5348,  -0.0814,   0.0410, 3
A,  300, THR,  0.9561,   0.1535,   0.1294, 0
A,  301, THR,  0.5940,  -0.0484,   0.0503, 14
A,  302, TYR,  0.1644,  -0.2879,   0.0050, 0
A,  303, GLN,  0.6986,   0.0100,   0.0694, 14
A,  304, GLN,  0.0653,  -0.3431,   0.0014, 0
A,  305, GLU,  0.0133,  -0.3720,   0.0004, 0
A,  306, GLY,  0.0290,  -0.3633,   0.0006, 0
A,  307, GLY,  0.0943,  -0.3269,   0.0022, 0
A,  308, GLN,  0.1123,  -0.3169,   0.0028, 14
A,  309, PRO,  0.2968,  -0.2140,   0.0137, 0
A,  310, VAL,  0.0485,  -0.3524,   0.0010, 0
A,  311, ILE,  0.0000,  -0.3795,   0.0002, 0
A,  312, GLY,  0.0418,  -0.3562,   0.0009, 0
A,  313, PHE,  0.0418,  -0.3562,   0.0009, 0
A,  314, ASP,  6.0433,   2.9891,   0.8823, 1
A,  315, MET,  7.7739,   3.9537,   0.9374, 0
A,  316, GLY, 13.3488,   7.0612,   0.9922, 1
A,  317, GLY, 13.8013,   7.3134,   0.9934, 1
A,  318, THR,  6.0529,   2.9944,   0.8828, 1
A,  319, SER,  3.7225,   1.6955,   0.7109, 1
A,  320, THR,  0.4730,  -0.1158,   0.0323, 0
A,  321, ASP,  3.4006,   1.5160,   0.6695, 1
A,  322, VAL,  0.0418,  -0.3562,   0.0009, 0
A,  323, SER,  0.0430,  -0.3555,   0.0009, 0
A,  324, ARG,  0.7210,   0.0224,   0.0740, 0
A,  325, TYR,  0.3674,  -0.1747,   0.0201, 3
A,  326, ALA,  0.4638,  -0.1210,   0.0311, 0
A,  327, GLY,  0.1821,  -0.2779,   0.0059, 3
A,  328, GLU,  0.9956,   0.1755,   0.1397, 3
A,  329, PHE,  1.3959,   0.3986,   0.2526, 3
A,  330, GLU,  1.1471,   0.2600,   0.1813, 0
A,  331, HIS,  1.9044,   0.6821,   0.3901, 3
A,  332, VAL,  0.9206,   0.1337,   0.1205, 0
A,  333, PHE,  1.6204,   0.5237,   0.3158, 7
A,  334, GLU,  1.1617,   0.2681,   0.1855, 7
A,  335, ALA,  0.1777,  -0.2804,   0.0056, 0
A,  336, SER,  0.6438,  -0.0206,   0.0589, 0
A,  337, THR,  0.5148,  -0.0925,   0.0380, 1
A,  338, ALA,  0.6382,  -0.0237,   0.0579, 1
A,  339, GLY,  1.1902,   0.2839,   0.1935, 11
A,  340, VAL,  0.8184,   0.0767,   0.0955, 18
A,  341, THR,  0.8222,   0.0789,   0.0964, 11
A,  342, LEU,  0.0004,  -0.3793,   0.0002, 0
A,  343, GLN,  0.7936,   0.0629,   0.0897, 7
A,  344, ALA,  0.2341,  -0.2490,   0.0090, 12
A,  345, PRO,  0.5926,  -0.0491,   0.0501, 12
A,  346, GLN,  0.0612,  -0.3453,   0.0013, 0
A,  347, LEU,  0.0937,  -0.3273,   0.0021, 0
A,  348, ASP,  0.4188,  -0.1460,   0.0257, 0
A,  349, ILE,  0.2740,  -0.2268,   0.0119, 0
A,  350, ASN,  0.4620,  -0.1219,   0.0309, 0
A,  351, THR,  0.9882,   0.1714,   0.1378, 1
A,  352, VAL,  0.4626,  -0.1216,   0.0310, 0
A,  353, ALA,  0.4366,  -0.1361,   0.0278, 1
A,  354, ALA,  0.1840,  -0.2769,   0.0060, 0
A,  355, GLY,  0.4113,  -0.1502,   0.0248, 0
A,  356, GLY,  4.1878,   1.9548,   0.7599, 1
A,  357, GLY,  3.1956,   1.4018,   0.6409, 0
A,  358, SER,  0.0288,  -0.3634,   0.0006, 0
A,  359, ARG,  0.2809,  -0.2229,   0.0124, 0
A,  360, LEU,  0.1598,  -0.2904,   0.0048, 0
A,  361, PHE,  0.3681,  -0.1743,   0.0202, 0
A,  362, PHE,  0.2320,  -0.2502,   0.0089, 0
A,  363, ARG,  0.9176,   0.1320,   0.1197, 0
A,  364, SER,  0.4827,  -0.1104,   0.0336, 0
A,  365, GLY,  0.3907,  -0.1617,   0.0226, 16
A,  366, LEU,  0.5463,  -0.0750,   0.0427, 8
A,  367, PHE,  0.6127,  -0.0379,   0.0534, 8
A,  368, VAL,  0.7595,   0.0439,   0.0822, 8
A,  369, VAL,  0.4763,  -0.1139,   0.0327, 8
A,  370, GLY,  0.4738,  -0.1154,   0.0324, 8
A,  371, PRO,  0.5883,  -0.0516,   0.0494, 1
A,  372, GLU,  0.4613,  -0.1224,   0.0308, 0
A,  373, SER,  0.1887,  -0.2743,   0.0062, 0
A,  374, ALA,  0.3082,  -0.2077,   0.0147, 0
A,  375, GLY,  1.8248,   0.6377,   0.3700, 1
A,  376, ALA,  1.2232,   0.3024,   0.2029, 20
A,  377, HIS,  0.7053,   0.0137,   0.0707, 0
A,  378, PRO,  0.0992,  -0.3242,   0.0023, 0
A,  379, GLY,  0.3061,  -0.2089,   0.0145, 0
A,  380, PRO,  2.9883,   1.2862,   0.6094, 1
A,  381, ALA,  0.1857,  -0.2759,   0.0061, 0
A,  382, CYS,  0.1592,  -0.2907,   0.0047, 0
A,  383, TYR,  9.3700,   4.8434,   0.9656, 1
A,  384, ARG,  0.1525,  -0.2945,   0.0044, 0
A,  385, LYS,  0.7771,   0.0537,   0.0861, 20
A,  386, GLY,  0.2331,  -0.2496,   0.0089, 0
A,  387, GLY,  0.3221,  -0.1999,   0.0159, 0
A,  388, PRO,  0.3478,  -0.1856,   0.0183, 0
A,  389, VAL,  0.3000,  -0.2122,   0.0140, 0
A,  390, THR,  0.3150,  -0.2039,   0.0152, 0
A,  391, VAL,  0.0000,  -0.3795,   0.0002, 0
A,  392, THR,  6.3217,   3.1443,   0.8939, 1
A,  393, ASP,  0.0015,  -0.3786,   0.0003, 0
A,  394, ALA,  0.0000,  -0.3795,   0.0002, 0
A,  395, ASN,  0.0456,  -0.3541,   0.0009, 0
A,  396, LEU,  0.1842,  -0.2768,   0.0060, 0
A,  397, VAL,  0.1709,  -0.2842,   0.0053, 0
A,  398, LEU,  0.1082,  -0.3191,   0.0026, 0
A,  399, GLY,  0.1555,  -0.2928,   0.0046, 0
A,  400, ARG,  0.4782,  -0.1129,   0.0330, 0
A,  401, LEU,  1.3430,   0.3691,   0.2372, 0
A,  402, LEU,  0.1877,  -0.2748,   0.0062, 0
A,  403, PRO,  0.2797,  -0.2235,   0.0123, 0
A,  404, ALA,  0.2036,  -0.2660,   0.0071, 0
A,  405, SER,  0.1517,  -0.2949,   0.0044, 0
A,  406, PHE,  6.9074,   3.4707,   0.9146, 1
A,  407, PRO,  0.3901,  -0.1620,   0.0225, 1
A,  408, CYS,  0.1000,  -0.3237,   0.0023, 0
A,  409, ILE,  0.7539,   0.0408,   0.0809, 20
A,  410, PHE,  2.3899,   0.9527,   0.4997, 20
A,  411, GLY,  0.0560,  -0.3482,   0.0011, 0
A,  412, PRO,  0.0305,  -0.3624,   0.0007, 0
A,  413, GLY,  0.0113,  -0.3732,   0.0004, 0
A,  414, GLU,  0.6388,  -0.0234,   0.0580, 0
A,  415, ASN,  0.0437,  -0.3551,   0.0009, 0
A,  416, GLN,  0.0457,  -0.3540,   0.0009, 0
A,  417, PRO,  0.0835,  -0.3329,   0.0018, 0
A,  418, LEU,  0.8577,   0.0986,   0.1047, 0
A,  419, SER,  0.0292,  -0.3632,   0.0006, 0
A,  420, PRO,  0.2296,  -0.2515,   0.0087, 0
A,  421, GLU,  0.0411,  -0.3566,   0.0008, 0
A,  422, ALA,  0.1363,  -0.3035,   0.0037, 0
A,  423, SER,  0.0263,  -0.3648,   0.0006, 0
A,  424, ARG,  0.1640,  -0.2880,   0.0050, 0
A,  425, LYS,  0.0500,  -0.3516,   0.0010, 0
A,  426, ALA,  0.1955,  -0.2705,   0.0066, 0
A,  427, LEU,  0.0760,  -0.3371,   0.0016, 0
A,  428, GLU,  0.0920,  -0.3282,   0.0021, 0
A,  429, ALA,  0.0981,  -0.3248,   0.0023, 0
A,  430, VAL,  0.1735,  -0.2827,   0.0054, 0
A,  431, ALA,  0.0971,  -0.3253,   0.0022, 0
A,  432, THR,  0.0764,  -0.3368,   0.0016, 0
A,  433, GLU,  0.1630,  -0.2886,   0.0049, 0
A,  434, VAL,  0.0253,  -0.3654,   0.0006, 0
A,  435, ASN,  0.1052,  -0.3208,   0.0025, 0
A,  436, SER,  0.1011,  -0.3231,   0.0024, 0
A,  437, PHE,  0.7272,   0.0259,   0.0754, 16
A,  438, LEU,  0.3843,  -0.1653,   0.0219, 0
A,  439, THR,  0.0407,  -0.3568,   0.0008, 0
A,  440, ASN,  0.1286,  -0.3078,   0.0034, 0
A,  441, GLY,  0.2204,  -0.2566,   0.0081, 0
A,  442, PRO,  0.8552,   0.0973,   0.1041, 16
A,  443, CYS,  0.6656,  -0.0084,   0.0629, 16
A,  444, PRO,  0.2418,  -0.2447,   0.0095, 0
A,  445, ALA,  0.2533,  -0.2383,   0.0103, 0
A,  446, SER,  0.1108,  -0.3177,   0.0027, 0
A,  447, PRO,  0.0464,  -0.3536,   0.0009, 0
A,  448, LEU,  0.6725,  -0.0046,   0.0643, 0
A,  449, SER,  0.1830,  -0.2774,   0.0059, 0
A,  450, LEU,  0.1058,  -0.3205,   0.0025, 0
A,  451, GLU,  0.3168,  -0.2029,   0.0154, 0
A,  452, GLU,  0.6909,   0.0057,   0.0679, 0
A,  453, VAL,  0.2462,  -0.2422,   0.0098, 0
A,  454, ALA,  0.0000,  -0.3795,   0.0002, 0
A,  455, MET,  0.6082,  -0.0405,   0.0527, 5
A,  456, GLY,  0.2419,  -0.2446,   0.0096, 0
A,  457, PHE,  0.0000,  -0.3795,   0.0002, 0
A,  458, VAL,  0.2430,  -0.2440,   0.0096, 5
A,  459, ARG,  1.6602,   0.5460,   0.3267, 5
A,  460, VAL,  0.3162,  -0.2032,   0.0153, 8
A,  461, ALA,  0.0539,  -0.3494,   0.0011, 0
A,  462, ASN,  0.3884,  -0.1630,   0.0223, 5
A,  463, GLU,  0.5297,  -0.0842,   0.0403, 5
A,  464, ALA,  0.3640,  -0.1766,   0.0198, 8
A,  465, MET,  0.0227,  -0.3668,   0.0005, 0
A,  466, CYS,  0.0443,  -0.3548,   0.0009, 0
A,  467, ARG,  0.6730,  -0.0043,   0.0644, 8
A,  468, PRO,  0.1377,  -0.3027,   0.0038, 0
A,  469, ILE,  0.0090,  -0.3744,   0.0003, 0
A,  470, ARG,  0.2363,  -0.2477,   0.0092, 19
A,  471, ALA,  0.3267,  -0.1973,   0.0163, 0
A,  472, LEU,  0.1038,  -0.3216,   0.0025, 0
A,  473, THR,  0.0175,  -0.3697,   0.0005, 0
A,  474, GLN,  0.6772,  -0.0020,   0.0652, 19
A,  475, ALA,  0.4679,  -0.1186,   0.0316, 0
A,  476, ARG,  2.3127,   0.9097,   0.4834, 0
A,  477, GLY,  0.3252,  -0.1982,   0.0162, 0
A,  478, HIS,  0.9626,   0.1571,   0.1311, 0
A,  479, ASP,  0.1620,  -0.2892,   0.0049, 0
A,  480, PRO,  0.0959,  -0.3260,   0.0022, 0
A,  481, SER,  0.1150,  -0.3153,   0.0029, 0
A,  482, ALA,  0.0542,  -0.3492,   0.0011, 0
A,  483, HIS,  0.2333,  -0.2494,   0.0089, 0
A,  484, VAL,  0.3072,  -0.2082,   0.0146, 14
A,  485, LEU,  0.0000,  -0.3795,   0.0002, 0
A,  486, ALA,  0.0000,  -0.3795,   0.0002, 0
A,  487, CYS,  0.4563,  -0.1251,   0.0302, 0
A,  488, PHE,  1.9960,   0.7331,   0.4125, 0
A,  489, GLY,  6.8184,   3.4211,   0.9118, 1
A,  490, GLY, 11.9218,   6.2657,   0.9868, 1
A,  491, ALA,  9.2323,   4.7667,   0.9637, 1
A,  492, GLY,  0.7285,   0.0266,   0.0757, 0
A,  493, GLY,  0.4563,  -0.1251,   0.0302, 0
A,  494, GLN,  3.5431,   1.5954,   0.6886, 1
A,  495, HIS,  0.0147,  -0.3713,   0.0004, 0
A,  496, ALA,  0.0000,  -0.3795,   0.0002, 0
A,  497, CYS,  0.0774,  -0.3363,   0.0017, 0
A,  498, ALA,  0.7903,   0.0610,   0.0890, 5
A,  499, ILE,  0.0478,  -0.3528,   0.0010, 0
A,  500, ALA,  0.0256,  -0.3652,   0.0006, 0
A,  501, ARG,  0.9819,   0.1678,   0.1362, 5
A,  502, ALA,  0.7037,   0.0128,   0.0704, 5
A,  503, LEU,  0.1810,  -0.2786,   0.0058, 19
A,  504, GLY,  0.1340,  -0.3048,   0.0036, 0
A,  505, MET,  0.0771,  -0.3365,   0.0017, 0
A,  506, ASP,  0.0799,  -0.3349,   0.0017, 0
A,  507, THR,  0.3995,  -0.1568,   0.0235, 14
A,  508, VAL,  0.1011,  -0.3231,   0.0024, 0
A,  509, HIS,  0.6387,  -0.0235,   0.0580, 14
A,  510, ILE,  0.4642,  -0.1207,   0.0312, 0
A,  511, HIS,  0.9214,   0.1341,   0.1207, 0
A,  512, ARG,  1.4406,   0.4235,   0.2656, 0
A,  513, HIS,  1.2796,   0.3338,   0.2190, 0
A,  514, SER,  1.8304,   0.6408,   0.3715, 0
A,  515, GLY,  3.7076,   1.6871,   0.7091, 0
A,  516, LEU,  1.5579,   0.4889,   0.2988, 1
A,  517, LEU,  0.9571,   0.1540,   0.1297, 1
A,  518, SER,  3.1478,   1.3751,   0.6336, 1
A,  519, ALA,  0.3460,  -0.1866,   0.0181, 0
A,  520, LEU,  0.4457,  -0.1310,   0.0289, 0
A,  521, GLY,  0.0211,  -0.3677,   0.0005, 0
A,  522, LEU,  0.0977,  -0.3250,   0.0023, 0
A,  523, ALA,  0.1572,  -0.2919,   0.0046, 0
A,  524, LEU,  0.5010,  -0.1002,   0.0360, 3
A,  525, ALA,  0.4486,  -0.1294,   0.0292, 0
A,  526, ASP,  0.7093,   0.0159,   0.0716, 3
A,  527, VAL,  0.2518,  -0.2391,   0.0102, 0
A,  528, VAL,  1.0030,   0.1796,   0.1417, 3
A,  529, HIS,  0.5085,  -0.0960,   0.0371, 0
A,  530, GLU,  0.7905,   0.0612,   0.0890, 12
A,  531, ALA,  0.1139,  -0.3160,   0.0028, 0
A,  532, GLN,  0.5553,  -0.0699,   0.0441, 12
A,  533, GLU,  0.1252,  -0.3097,   0.0033, 0
A,  534, PRO,  0.2144,  -0.2600,   0.0077, 4
A,  535, CYS,  0.8510,   0.0949,   0.1031, 4
A,  536, SER,  1.2351,   0.3090,   0.2062, 4
A,  537, LEU,  0.0794,  -0.3352,   0.0017, 0
A,  538, LEU,  0.0749,  -0.3377,   0.0016, 0
A,  539, TYR,  0.9194,   0.1330,   0.1201, 0
A,  540, ALA,  0.2303,  -0.2511,   0.0087, 0
A,  541, PRO,  0.0937,  -0.3273,   0.0021, 0
A,  542, GLU,  0.0350,  -0.3599,   0.0007, 0
A,  543, THR,  0.0157,  -0.3707,   0.0004, 0
A,  544, PHE,  0.2344,  -0.2488,   0.0090, 0
A,  545, VAL,  0.0487,  -0.3523,   0.0010, 0
A,  546, GLN,  0.0567,  -0.3479,   0.0012, 0
A,  547, LEU,  0.0100,  -0.3739,   0.0004, 0
A,  548, ASP,  0.0644,  -0.3436,   0.0013, 0
A,  549, GLN,  0.0350,  -0.3600,   0.0007, 0
A,  550, ARG,  0.0768,  -0.3367,   0.0017, 0
A,  551, LEU,  0.0677,  -0.3417,   0.0014, 0
A,  552, SER,  0.1038,  -0.3216,   0.0025, 0
A,  553, ARG,  0.1062,  -0.3203,   0.0025, 0
A,  554, LEU,  0.0153,  -0.3709,   0.0004, 0
A,  555, GLU,  0.1344,  -0.3045,   0.0036, 0
A,  556, GLU,  0.0113,  -0.3732,   0.0004, 0
A,  557, GLN,  0.0230,  -0.3666,   0.0005, 0
A,  558, CYS,  0.0054,  -0.3765,   0.0003, 0
A,  559, VAL,  0.0104,  -0.3736,   0.0004, 0
A,  560, ASP,  0.0162,  -0.3705,   0.0004, 0
A,  561, ALA,  0.1199,  -0.3126,   0.0031, 0
A,  562, LEU,  0.0445,  -0.3547,   0.0009, 0
A,  563, GLN,  0.0417,  -0.3562,   0.0008, 0
A,  564, ALA,  0.0146,  -0.3713,   0.0004, 0
A,  565, GLN,  0.2913,  -0.2171,   0.0133, 0
A,  566, GLY,  0.0560,  -0.3483,   0.0011, 0
A,  567, PHE,  0.2720,  -0.2279,   0.0117, 13
A,  568, PRO,  0.0781,  -0.3359,   0.0017, 0
A,  569, ARG,  0.1293,  -0.3074,   0.0034, 0
A,  570, SER,  0.1283,  -0.3080,   0.0034, 0
A,  571, GLN,  0.1156,  -0.3150,   0.0029, 0
A,  572, ILE,  0.0615,  -0.3452,   0.0013, 0
A,  573, SER,  0.0952,  -0.3264,   0.0022, 3
A,  574, THR,  0.1164,  -0.3146,   0.0029, 0
A,  575, GLU,  0.7005,   0.0110,   0.0698, 3
A,  576, SER,  0.1810,  -0.2786,   0.0058, 0
A,  577, PHE,  0.7401,   0.0330,   0.0780, 3
A,  578, LEU,  0.0000,  -0.3795,   0.0002, 0
A,  579, HIS,  1.2400,   0.3117,   0.2076, 7
A,  580, LEU,  0.0000,  -0.3795,   0.0002, 0
A,  581, ARG,  1.2344,   0.3086,   0.2060, 4
A,  582, TYR,  0.7433,   0.0348,   0.0787, 0
A,  583, GLN,  0.3116,  -0.2058,   0.0150, 0
A,  584, GLY,  0.5086,  -0.0960,   0.0371, 4
A,  585, THR,  0.5155,  -0.0921,   0.0381, 21
A,  586, ASP,  0.8712,   0.1062,   0.1081, 4
A,  587, CYS,  1.5840,   0.5035,   0.3059, 21
A,  588, ALA,  2.2017,   0.8478,   0.4596, 7
A,  589, LEU,  1.7288,   0.5842,   0.3452, 0
A,  590, MET,  1.7371,   0.5888,   0.3475, 3
A,  591, VAL,  0.5444,  -0.0760,   0.0424, 3
A,  592, SER,  0.3876,  -0.1634,   0.0222, 3
A,  593, ALA,  0.2295,  -0.2515,   0.0087, 0
A,  594, HIS,  0.1727,  -0.2832,   0.0054, 0
A,  595, GLN,  0.1623,  -0.2890,   0.0049, 0
A,  596, HIS,  0.1558,  -0.2926,   0.0046, 0
A,  597, PRO,  0.0152,  -0.3710,   0.0004, 0
A,  598, ALA,  0.0232,  -0.3665,   0.0005, 0
A,  599, THR,  0.0713,  -0.3397,   0.0015, 0
A,  600, ALA,  0.0362,  -0.3593,   0.0007, 0
A,  601, ARG,  0.2757,  -0.2258,   0.0120, 0
A,  602, SER,  0.1101,  -0.3181,   0.0027, 0
A,  603, PRO,  0.0386,  -0.3579,   0.0008, 0
A,  604, ARG,  0.1539,  -0.2937,   0.0045, 0
A,  605, ALA,  0.2099,  -0.2625,   0.0074, 0
A,  606, GLY,  0.0789,  -0.3355,   0.0017, 0
A,  607, ASP,  0.4124,  -0.1496,   0.0249, 0
A,  608, PHE,  0.4206,  -0.1450,   0.0259, 0
A,  609, GLY,  1.0031,   0.1797,   0.1417, 0
A,  610, ALA,  0.8502,   0.0944,   0.1029, 0
A,  611, ALA,  0.1999,  -0.2680,   0.0069, 0
A,  612, PHE,  0.7730,   0.0514,   0.0852, 0
A,  613, VAL,  0.8870,   0.1149,   0.1119, 0
A,  614, GLU,  0.1468,  -0.2976,   0.0042, 0
A,  615, ARG,  2.0138,   0.7430,   0.4167, 3
A,  616, TYR,  0.1158,  -0.3149,   0.0029, 21
A,  617, MET,  0.2154,  -0.2594,   0.0078, 0
A,  618, ARG,  1.1932,   0.2856,   0.1943, 3
A,  619, GLU,  2.4933,   1.0103,   0.5208, 0
A,  620, PHE,  1.6118,   0.5189,   0.3135, 0
A,  621, GLY,  0.4414,  -0.1334,   0.0284, 0
A,  622, PHE,  0.7601,   0.0442,   0.0823, 0
A,  623, VAL,  0.5865,  -0.0525,   0.0491, 0
A,  624, ILE,  0.7686,   0.0490,   0.0842, 0
A,  625, PRO,  0.4215,  -0.1445,   0.0260, 0
A,  626, GLU,  0.0895,  -0.3296,   0.0020, 0
A,  627, ARG,  0.8556,   0.0975,   0.1042, 0
A,  628, PRO,  0.2841,  -0.2211,   0.0127, 0
A,  629, VAL,  0.8630,   0.1016,   0.1060, 0
A,  630, VAL,  0.3984,  -0.1574,   0.0234, 4
A,  631, VAL,  0.1398,  -0.3015,   0.0039, 0
A,  632, ASP,  1.6762,   0.5549,   0.3310, 4
A,  633, ASP,  0.9578,   0.1544,   0.1299, 7
A,  634, VAL,  0.0000,  -0.3795,   0.0002, 0
A,  635, ARG,  0.2821,  -0.2222,   0.0125, 0
A,  636, VAL,  0.0560,  -0.3483,   0.0011, 0
A,  637, ARG,  1.0811,   0.2231,   0.1629, 3
A,  638, GLY,  0.0235,  -0.3664,   0.0005, 0
A,  639, THR,  0.8814,   0.1118,   0.1105, 3
A,  640, GLY,  0.0237,  -0.3662,   0.0005, 0
A,  641, ARG,  0.2379,  -0.2469,   0.0093, 0
A,  642, SER,  0.5848,  -0.0535,   0.0488, 13
A,  643, GLY,  0.2257,  -0.2536,   0.0084, 0
A,  644, LEU,  0.6230,  -0.0322,   0.0552, 13
A,  645, ARG,  0.1248,  -0.3099,   0.0032, 0
A,  646, LEU,  0.6905,   0.0054,   0.0678, 0
A,  647, GLU,  0.0930,  -0.3276,   0.0021, 0
A,  648, ASP,  0.4400,  -0.1342,   0.0282, 0
A,  649, ALA,  0.0544,  -0.3491,   0.0011, 0
A,  650, PRO,  0.1659,  -0.2870,   0.0051, 0
A,  651, LYS,  0.0468,  -0.3534,   0.0010, 0
A,  652, ALA,  0.0345,  -0.3603,   0.0007, 0
A,  653, GLN,  0.0371,  -0.3588,   0.0008, 0
A,  654, THR,  0.0204,  -0.3681,   0.0005, 0
A,  655, GLY,  0.0337,  -0.3607,   0.0007, 0
A,  656, PRO,  0.0867,  -0.3312,   0.0019, 0
A,  657, PRO,  0.1290,  -0.3076,   0.0034, 0
A,  658, ARG,  0.0978,  -0.3250,   0.0023, 0
A,  659, VAL,  0.1517,  -0.2949,   0.0044, 0
A,  660, ASP,  0.0314,  -0.3619,   0.0007, 0
A,  661, LYS,  0.1102,  -0.3181,   0.0027, 0
A,  662, MET,  0.1039,  -0.3215,   0.0025, 0
A,  663, THR,  0.0977,  -0.3250,   0.0023, 0
A,  664, GLN,  0.1421,  -0.3003,   0.0040, 0
A,  665, CYS,  0.0242,  -0.3660,   0.0006, 0
A,  666, TYR,  0.3398,  -0.1901,   0.0175, 0
A,  667, PHE,  0.3946,  -0.1595,   0.0230, 5
A,  668, GLU,  1.3643,   0.3810,   0.2434, 5
A,  669, GLY,  0.0861,  -0.3315,   0.0019, 0
A,  670, GLY,  0.1187,  -0.3133,   0.0030, 0
A,  671, TYR,  0.2478,  -0.2413,   0.0100, 0
A,  672, GLN,  0.0719,  -0.3394,   0.0015, 0
A,  673, GLU,  0.0222,  -0.3671,   0.0005, 0
A,  674, THR,  0.0061,  -0.3761,   0.0003, 0
A,  675, PRO,  0.1059,  -0.3204,   0.0025, 0
A,  676, VAL,  0.0087,  -0.3746,   0.0003, 0
A,  677, TYR,  0.1043,  -0.3213,   0.0025, 0
A,  678, LEU,  0.0449,  -0.3544,   0.0009, 0
A,  679, LEU,  0.3861,  -0.1642,   0.0221, 0
A,  680, ALA,  0.1816,  -0.2782,   0.0058, 0
A,  681, GLU,  0.0405,  -0.3569,   0.0008, 0
A,  682, LEU,  0.1305,  -0.3067,   0.0035, 0
A,  683, GLY,  0.0956,  -0.3262,   0.0022, 0
A,  684, TYR,  0.1359,  -0.3037,   0.0037, 0
A,  685, GLY,  0.0504,  -0.3513,   0.0010, 0
A,  686, HIS,  0.0491,  -0.3521,   0.0010, 0
A,  687, LYS,  0.1389,  -0.3020,   0.0038, 0
A,  688, LEU,  0.0600,  -0.3460,   0.0012, 0
A,  689, HIS,  0.0863,  -0.3314,   0.0019, 0
A,  690, GLY,  0.0502,  -0.3515,   0.0010, 0
A,  691, PRO,  0.0400,  -0.3572,   0.0008, 0
A,  692, CYS,  0.0354,  -0.3597,   0.0007, 0
A,  693, LEU,  0.0000,  -0.3795,   0.0002, 0
A,  694, ILE,  0.0058,  -0.3762,   0.0003, 0
A,  695, ILE,  0.0965,  -0.3257,   0.0022, 0
A,  696, ASP,  0.7008,   0.0112,   0.0698, 0
A,  697, SER,  0.7138,   0.0184,   0.0725, 1
A,  698, ASN,  2.2071,   0.8508,   0.4608, 1
A,  699, SER,  0.8165,   0.0756,   0.0950, 1
A,  700, THR,  0.5687,  -0.0625,   0.0462, 0
A,  701, ILE,  0.4642,  -0.1207,   0.0312, 0
A,  702, LEU,  0.0543,  -0.3492,   0.0011, 0
A,  703, VAL,  0.0000,  -0.3795,   0.0002, 0
A,  704, GLU,  0.5678,  -0.0630,   0.0461, 5
A,  705, PRO,  0.1586,  -0.2911,   0.0047, 5
A,  706, GLY,  0.1538,  -0.2937,   0.0045, 0
A,  707, CYS,  0.0835,  -0.3329,   0.0018, 0
A,  708, GLN,  0.1080,  -0.3193,   0.0026, 0
A,  709, ALA,  0.0390,  -0.3577,   0.0008, 0
A,  710, GLU,  0.1481,  -0.2969,   0.0042, 14
A,  711, VAL,  0.1319,  -0.3060,   0.0035, 0
A,  712, THR,  0.6020,  -0.0439,   0.0516, 14
A,  713, LYS,  0.1804,  -0.2789,   0.0058, 0
A,  714, THR,  0.9753,   0.1642,   0.1345, 0
A,  715, GLY,  0.2170,  -0.2585,   0.0079, 0
A,  716, ASP,  0.9268,   0.1371,   0.1220, 0
A,  717, ILE,  0.0728,  -0.3389,   0.0015, 0
A,  718, CYS,  0.5166,  -0.0915,   0.0383, 14
A,  719, ILE,  0.1030,  -0.3220,   0.0024, 0
A,  720, SER,  0.1450,  -0.2987,   0.0041, 0
A,  721, VAL,  0.0536,  -0.3496,   0.0011, 0
A,  722, GLY,  0.0913,  -0.3286,   0.0021, 0
A,  723, ALA,  0.0485,  -0.3525,   0.0010, 0
A,  724, GLU,  0.9551,   0.1529,   0.1291, 5
A,  725, VAL,  0.0327,  -0.3612,   0.0007, 0
A,  726, PRO,  0.0305,  -0.3625,   0.0007, 0
A,  727, GLY,  0.1144,  -0.3157,   0.0028, 5
A,  728, THR,  0.0389,  -0.3578,   0.0008, 0
A,  729, VAL,  0.2200,  -0.2568,   0.0081, 5
A,  730, GLY,  0.0175,  -0.3697,   0.0005, 0
A,  731, PRO,  0.0770,  -0.3365,   0.0017, 0
A,  732, GLN,  0.0832,  -0.3331,   0.0018, 0
A,  733, LEU,  0.9780,   0.1657,   0.1352, 16
A,  734, ASP,  0.8615,   0.1007,   0.1057, 0
A,  735, PRO,  0.6113,  -0.0387,   0.0532, 16
A,  736, ILE,  0.8189,   0.0770,   0.0956, 0
A,  737, GLN,  0.7166,   0.0200,   0.0731, 5
A,  738, LEU,  0.3509,  -0.1839,   0.0186, 16
A,  739, SER,  0.4818,  -0.1109,   0.0334, 8
A,  740, ILE,  0.5200,  -0.0896,   0.0388, 5
A,  741, PHE,  0.1795,  -0.2794,   0.0057, 0
A,  742, SER,  0.5286,  -0.0848,   0.0401, 8
A,  743, HIS,  1.0088,   0.1828,   0.1433, 8
A,  744, ARG,  0.5466,  -0.0748,   0.0428, 5
A,  745, PHE,  0.0328,  -0.3612,   0.0007, 0
A,  746, MET,  0.9730,   0.1629,   0.1339, 8
A,  747, SER,  0.0837,  -0.3328,   0.0018, 19
A,  748, ILE,  0.0259,  -0.3650,   0.0006, 19
A,  749, ALA,  0.0264,  -0.3648,   0.0006, 0
A,  750, GLU,  0.5382,  -0.0794,   0.0415, 0
A,  751, GLN,  0.1229,  -0.3109,   0.0032, 0
A,  752, MET,  0.0000,  -0.3795,   0.0002, 0
A,  753, GLY,  0.0893,  -0.3297,   0.0020, 0
A,  754, ARG,  0.5112,  -0.0945,   0.0375, 0
A,  755, ILE,  0.6240,  -0.0317,   0.0554, 0
A,  756, LEU,  0.0000,  -0.3795,   0.0002, 0
A,  757, GLN,  0.7835,   0.0573,   0.0875, 0
A,  758, ARG,  1.8692,   0.6624,   0.3813, 21
A,  759, THR,  0.4794,  -0.1123,   0.0331, 21
A,  760, ALA,  0.1671,  -0.2863,   0.0051, 0
A,  761, ILE,  0.8967,   0.1203,   0.1143, 10
A,  762, SER,  0.7317,   0.0284,   0.0763, 10
A,  763, THR,  1.0371,   0.1986,   0.1509, 10
A,  764, ASN,  0.4654,  -0.1200,   0.0313, 10
A,  765, ILE,  0.0000,  -0.3795,   0.0002, 0
A,  766, LYS,  0.5724,  -0.0604,   0.0468, 21
A,  767, GLU,  1.1621,   0.2683,   0.1856, 0
A,  768, ARG,  1.0887,   0.2274,   0.1650, 0
A,  769, LEU,  0.7423,   0.0343,   0.0785, 0
A,  770, ASP,  1.7926,   0.6198,   0.3618, 9
A,  771, PHE,  0.0827,  -0.3334,   0.0018, 0
A,  772, SER,  0.1217,  -0.3116,   0.0031, 0
A,  773, CYS,  0.1217,  -0.3116,   0.0031, 0
A,  774, ALA,  0.1217,  -0.3116,   0.0031, 0
A,  775, LEU,  0.0000,  -0.3795,   0.0002, 0
A,  776, PHE,  0.1217,  -0.3116,   0.0031, 0
A,  777, GLY,  0.0083,  -0.3748,   0.0003, 0
A,  778, PRO,  0.1517,  -0.2949,   0.0044, 0
A,  779, ASP,  0.0990,  -0.3243,   0.0023, 0
A,  780, GLY,  0.0029,  -0.3778,   0.0003, 0
A,  781, GLY,  0.0274,  -0.3642,   0.0006, 0
A,  782, LEU,  0.2112,  -0.2617,   0.0075, 0
A,  783, VAL,  0.0221,  -0.3671,   0.0005, 0
A,  784, SER,  0.1438,  -0.2993,   0.0041, 0
A,  785, ASN,  0.8073,   0.0705,   0.0929, 0
A,  786, ALA,  0.5559,  -0.0696,   0.0442, 0
A,  787, PRO,  1.3334,   0.3638,   0.2345, 0
A,  788, HIS,  0.6935,   0.0071,   0.0684, 0
A,  789, ILE,  1.3452,   0.3704,   0.2379, 9
A,  790, PRO,  0.0094,  -0.3742,   0.0003, 0
A,  791, VAL,  1.2485,   0.3164,   0.2101, 0
A,  792, HIS,  1.5559,   0.4878,   0.2983, 0
A,  793, LEU,  0.4479,  -0.1298,   0.0292, 0
A,  794, GLY,  0.3138,  -0.2046,   0.0151, 0
A,  795, ALA,  0.1382,  -0.3025,   0.0038, 0
A,  796, MET,  0.1217,  -0.3116,   0.0031, 0
A,  797, GLN,  0.2962,  -0.2144,   0.0137, 0
A,  798, GLU,  0.6355,  -0.0252,   0.0574, 0
A,  799, THR,  0.0871,  -0.3309,   0.0019, 0
A,  800, VAL,  0.0455,  -0.3541,   0.0009, 0
A,  801, GLN,  0.1859,  -0.2758,   0.0061, 0
A,  802, PHE,  0.2755,  -0.2259,   0.0120, 0
A,  803, GLN,  0.0649,  -0.3433,   0.0014, 0
A,  804, ILE,  0.2319,  -0.2502,   0.0089, 0
A,  805, GLN,  0.0904,  -0.3291,   0.0020, 0
A,  806, HIS,  0.0887,  -0.3300,   0.0020, 0
A,  807, LEU,  0.1049,  -0.3210,   0.0025, 0
A,  808, GLY,  0.1655,  -0.2872,   0.0050, 0
A,  809, ALA,  0.1033,  -0.3219,   0.0025, 0
A,  810, ASP,  0.0880,  -0.3304,   0.0020, 0
A,  811, LEU,  0.2227,  -0.2553,   0.0082, 0
A,  812, HIS,  0.1457,  -0.2982,   0.0041, 0
A,  813, PRO,  0.4956,  -0.1032,   0.0353, 0
A,  814, GLY,  0.6807,  -0.0000,   0.0659, 0
A,  815, ASP,  0.4576,  -0.1244,   0.0303, 0
A,  816, VAL,  0.3595,  -0.1791,   0.0194, 0
A,  817, LEU,  0.0614,  -0.3452,   0.0013, 0
A,  818, LEU,  0.0584,  -0.3469,   0.0012, 0
A,  819, SER,  0.0000,  -0.3795,   0.0002, 0
A,  820, ASN,  0.0000,  -0.3795,   0.0002, 0
A,  821, HIS,  0.3743,  -0.1708,   0.0208, 0
A,  822, PRO,  0.6208,  -0.0334,   0.0548, 0
A,  823, SER,  0.7684,   0.0488,   0.0841, 0
A,  824, ALA,  0.4045,  -0.1540,   0.0241, 0
A,  825, GLY,  0.3535,  -0.1824,   0.0188, 0
A,  826, GLY,  0.1011,  -0.3231,   0.0024, 0
A,  827, SER,  0.2999,  -0.2123,   0.0140, 0
A,  828, HIS,  1.6983,   0.5672,   0.3371, 9
A,  829, LEU,  0.0066,  -0.3758,   0.0003, 0
A,  830, PRO,  0.0000,  -0.3795,   0.0002, 0
A,  831, ASP,  1.5118,   0.4632,   0.2860, 9
A,  832, LEU,  0.0000,  -0.3795,   0.0002, 0
A,  833, THR,  0.0000,  -0.3795,   0.0002, 0
A,  834, VAL,  0.0000,  -0.3795,   0.0002, 0
A,  835, ILE,  0.0455,  -0.3541,   0.0009, 0
A,  836, THR,  0.5199,  -0.0897,   0.0388, 0
A,  837, PRO,  0.4894,  -0.1067,   0.0345, 0
A,  838, VAL,  0.7230,   0.0236,   0.0745, 0
A,  839, PHE,  0.8741,   0.1078,   0.1088, 0
A,  840, TRP,  0.5988,  -0.0457,   0.0511, 0
A,  841, PRO,  0.2450,  -0.2429,   0.0098, 0
A,  842, GLY,  0.0229,  -0.3667,   0.0005, 0
A,  843, GLN,  0.0586,  -0.3468,   0.0012, 0
A,  844, THR,  0.1080,  -0.3192,   0.0026, 0
A,  845, ARG,  0.2728,  -0.2274,   0.0118, 0
A,  846, PRO,  0.2223,  -0.2555,   0.0082, 0
A,  847, VAL,  0.2327,  -0.2497,   0.0089, 0
A,  848, PHE,  0.0016,  -0.3786,   0.0003, 0
A,  849, TYR,  0.2295,  -0.2515,   0.0087, 0
A,  850, VAL,  0.0035,  -0.3775,   0.0003, 0
A,  851, ALA,  0.0000,  -0.3795,   0.0002, 0
A,  852, SER,  0.0000,  -0.3795,   0.0002, 0
A,  853, ARG,  0.0000,  -0.3795,   0.0002, 0
A,  854, GLY,  0.0000,  -0.3795,   0.0002, 0
A,  855, HIS,  1.8701,   0.6629,   0.3815, 9
A,  856, HIS,  0.0920,  -0.3282,   0.0021, 0
A,  857, ALA,  0.8704,   0.1057,   0.1079, 10
A,  858, ASP,  0.0992,  -0.3242,   0.0023, 0
A,  859, ILE,  0.0000,  -0.3795,   0.0002, 0
A,  860, GLY,  0.0000,  -0.3795,   0.0002, 0
A,  861, GLY,  0.0340,  -0.3605,   0.0007, 0
A,  862, ILE,  0.1771,  -0.2807,   0.0056, 0
A,  863, THR,  0.1560,  -0.2925,   0.0046, 0
A,  864, PRO,  0.0902,  -0.3292,   0.0020, 0
A,  865, GLY,  0.0000,  -0.3795,   0.0002, 0
A,  866, SER,  0.0000,  -0.3795,   0.0002, 0
A,  867, MET,  0.8564,   0.0979,   0.1044, 0
A,  868, PRO,  0.0474,  -0.3530,   0.0010, 0
A,  869, PRO,  0.5194,  -0.0900,   0.0387, 0
A,  870, HIS,  0.3399,  -0.1900,   0.0176, 0
A,  871, SER,  0.3090,  -0.2072,   0.0147, 0
A,  872, THR,  0.2001,  -0.2679,   0.0069, 0
A,  873, MET,  0.1751,  -0.2819,   0.0055, 0
A,  874, LEU,  0.1930,  -0.2719,   0.0065, 0
A,  875, GLN,  0.2981,  -0.2133,   0.0138, 0
A,  876, GLN,  0.1132,  -0.3164,   0.0028, 0
A,  877, GLU,  0.0000,  -0.3795,   0.0002, 0
A,  878, GLY,  0.1488,  -0.2965,   0.0043, 0
A,  879, ALA,  0.1953,  -0.2706,   0.0066, 0
A,  880, VAL,  0.7909,   0.0614,   0.0891, 0
A,  881, PHE,  0.5312,  -0.0834,   0.0405, 0
A,  882, LEU,  0.4852,  -0.1090,   0.0339, 0
A,  883, SER,  0.4000,  -0.1565,   0.0236, 0
A,  884, PHE,  0.4622,  -0.1218,   0.0309, 0
A,  885, LYS,  0.1757,  -0.2815,   0.0055, 0
A,  886, LEU,  0.0361,  -0.3593,   0.0007, 0
A,  887, VAL,  0.4759,  -0.1142,   0.0327, 0
A,  888, GLN,  0.0644,  -0.3436,   0.0013, 0
A,  889, GLY,  0.1150,  -0.3153,   0.0029, 0
A,  890, GLY,  0.5174,  -0.0911,   0.0384, 0
A,  891, VAL,  0.2359,  -0.2480,   0.0091, 0
A,  892, PHE,  0.2811,  -0.2228,   0.0124, 0
A,  893, GLN,  0.0571,  -0.3476,   0.0012, 0
A,  894, GLU,  0.0841,  -0.3326,   0.0019, 0
A,  895, GLU,  0.0169,  -0.3700,   0.0004, 0
A,  896, ALA,  0.2353,  -0.2483,   0.0091, 0
A,  897, VAL,  0.0926,  -0.3278,   0.0021, 0
A,  898, THR,  0.0357,  -0.3596,   0.0007, 0
A,  899, GLU,  0.1165,  -0.3145,   0.0029, 0
A,  900, ALA,  0.5065,  -0.0971,   0.0368, 0
A,  901, LEU,  0.0563,  -0.3481,   0.0012, 0
A,  902, ARG,  0.1665,  -0.2866,   0.0051, 0
A,  903, ALA,  0.3075,  -0.2081,   0.0146, 0
A,  904, PRO,  0.2181,  -0.2579,   0.0079, 0
A,  905, GLY,  0.1463,  -0.2979,   0.0042, 0
A,  906, LYS,  0.0860,  -0.3315,   0.0019, 0
A,  907, VAL,  0.1448,  -0.2988,   0.0041, 0
A,  908, PRO,  0.0345,  -0.3603,   0.0007, 0
A,  909, ASN,  0.0540,  -0.3494,   0.0011, 0
A,  910, CYS,  0.1052,  -0.3208,   0.0025, 0
A,  911, SER,  0.1597,  -0.2904,   0.0048, 0
A,  912, GLY,  0.1324,  -0.3056,   0.0036, 0
A,  913, THR,  0.1184,  -0.3134,   0.0030, 0
A,  914, ARG,  0.1438,  -0.2993,   0.0041, 0
A,  915, ASN,  1.0052,   0.1808,   0.1423, 10
A,  916, LEU,  0.1059,  -0.3205,   0.0025, 0
A,  917, HIS,  0.6593,  -0.0120,   0.0617, 0
A,  918, ASP,  1.2865,   0.3377,   0.2210, 10
A,  919, ASN,  0.0920,  -0.3282,   0.0021, 0
A,  920, LEU,  0.2864,  -0.2198,   0.0129, 0
A,  921, SER,  0.5613,  -0.0666,   0.0450, 0
A,  922, ASP,  0.1761,  -0.2813,   0.0056, 0
A,  923, LEU,  0.0151,  -0.3710,   0.0004, 0
A,  924, ARG,  0.6621,  -0.0104,   0.0623, 0
A,  925, ALA,  0.0965,  -0.3257,   0.0022, 0
A,  926, GLN,  0.0035,  -0.3775,   0.0003, 0
A,  927, VAL,  0.4766,  -0.1138,   0.0328, 0
A,  928, ALA,  0.6217,  -0.0329,   0.0550, 0
A,  929, ALA,  0.2909,  -0.2173,   0.0132, 0
A,  930, ASN,  0.0035,  -0.3775,   0.0003, 0
A,  931, GLN,  0.8620,   0.1010,   0.1058, 0
A,  932, LYS,  0.6025,  -0.0436,   0.0517, 0
A,  933, GLY,  0.0093,  -0.3743,   0.0003, 0
A,  934, ILE,  0.9257,   0.1365,   0.1217, 0
A,  935, GLN,  0.8254,   0.0806,   0.0972, 0
A,  936, LEU,  0.1536,  -0.2939,   0.0045, 19
A,  937, VAL,  0.2912,  -0.2172,   0.0133, 0
A,  938, GLY,  0.3534,  -0.1825,   0.0188, 0
A,  939, GLU,  0.4285,  -0.1406,   0.0268, 19
A,  940, LEU,  0.2122,  -0.2612,   0.0076, 19
A,  941, ILE,  0.4261,  -0.1420,   0.0266, 0
A,  942, GLY,  0.1027,  -0.3222,   0.0024, 0
A,  943, GLN,  0.8311,   0.0838,   0.0985, 5
A,  944, TYR,  0.8895,   0.1163,   0.1125, 5
A,  945, GLY,  0.1397,  -0.3016,   0.0039, 0
A,  946, LEU,  0.1514,  -0.2951,   0.0044, 0
A,  947, ASP,  0.0641,  -0.3437,   0.0013, 0
A,  948, VAL,  0.0297,  -0.3629,   0.0006, 0
A,  949, VAL,  0.0006,  -0.3791,   0.0002, 0
A,  950, GLN,  0.0751,  -0.3376,   0.0016, 0
A,  951, ALA,  0.0590,  -0.3466,   0.0012, 0
A,  952, TYR,  0.0317,  -0.3618,   0.0007, 0
A,  953, MET,  0.0555,  -0.3485,   0.0011, 0
A,  954, GLY,  0.1425,  -0.3000,   0.0040, 0
A,  955, HIS,  0.7126,   0.0178,   0.0722, 16
A,  956, ILE,  0.0333,  -0.3609,   0.0007, 0
A,  957, GLN,  0.0878,  -0.3305,   0.0020, 0
A,  958, ALA,  0.4666,  -0.1194,   0.0315, 16
A,  959, ASN,  0.4015,  -0.1557,   0.0237, 16
A,  960, ALA,  0.0007,  -0.3791,   0.0002, 0
A,  961, GLU,  0.0777,  -0.3361,   0.0017, 0
A,  962, LEU,  0.5355,  -0.0810,   0.0411, 16
A,  963, ALA,  0.0917,  -0.3284,   0.0021, 0
A,  964, VAL,  0.0005,  -0.3792,   0.0002, 0
A,  965, ARG,  0.0862,  -0.3314,   0.0019, 0
A,  966, ASP,  0.3018,  -0.2113,   0.0141, 0
A,  967, MET,  0.8098,   0.0719,   0.0934, 6
A,  968, LEU,  0.0989,  -0.3243,   0.0023, 0
A,  969, ARG,  0.0967,  -0.3255,   0.0022, 0
A,  970, ALA,  0.4244,  -0.1429,   0.0263, 6
A,  971, PHE,  1.6364,   0.5327,   0.3202, 6
A,  972, GLY,  0.0151,  -0.3711,   0.0004, 0
A,  973, THR,  0.0136,  -0.3719,   0.0004, 0
A,  974, SER,  0.3884,  -0.1630,   0.0223, 6
A,  975, ARG,  0.4569,  -0.1248,   0.0302, 0
A,  976, GLN,  0.0196,  -0.3685,   0.0005, 0
A,  977, ALA,  0.0111,  -0.3732,   0.0004, 0
A,  978, ARG,  0.6075,  -0.0408,   0.0525, 6
A,  979, GLY,  0.0116,  -0.3730,   0.0004, 0
A,  980, LEU,  0.2795,  -0.2237,   0.0123, 0
A,  981, PRO,  0.0323,  -0.3614,   0.0007, 0
A,  982, LEU,  0.0364,  -0.3592,   0.0008, 0
A,  983, GLU,  0.0450,  -0.3544,   0.0009, 0
A,  984, VAL,  0.1169,  -0.3143,   0.0029, 0
A,  985, SER,  0.1395,  -0.3017,   0.0039, 0
A,  986, SER,  0.4708,  -0.1170,   0.0320, 0
A,  987, GLU,  0.5390,  -0.0790,   0.0417, 0
A,  988, ASP,  0.3433,  -0.1881,   0.0179, 0
A,  989, HIS,  0.1692,  -0.2851,   0.0052, 0
A,  990, MET,  0.0112,  -0.3732,   0.0004, 0
A,  991, ASP,  0.6534,  -0.0153,   0.0606, 0
A,  992, ASP,  0.6743,  -0.0036,   0.0646, 0
A,  993, GLY,  0.0667,  -0.3423,   0.0014, 0
A,  994, SER,  0.0709,  -0.3399,   0.0015, 0
A,  995, PRO,  0.0162,  -0.3704,   0.0004, 0
A,  996, ILE,  0.0000,  -0.3795,   0.0002, 0
A,  997, ARG,  0.0377,  -0.3585,   0.0008, 0
A,  998, LEU,  0.0217,  -0.3674,   0.0005, 0
A,  999, ARG,  0.0498,  -0.3517,   0.0010, 0
A, 1000, VAL,  0.0013,  -0.3788,   0.0002, 0
A, 1001, GLN,  0.0200,  -0.3683,   0.0005, 0
A, 1002, ILE,  0.0296,  -0.3629,   0.0006, 0
A, 1003, SER,  0.0316,  -0.3618,   0.0007, 0
A, 1004, LEU,  0.0402,  -0.3570,   0.0008, 0
A, 1005, SER,  0.0490,  -0.3521,   0.0010, 0
A, 1006, GLN,  0.0507,  -0.3512,   0.0010, 0
A, 1007, GLY,  0.0211,  -0.3677,   0.0005, 0
A, 1008, SER,  0.0314,  -0.3620,   0.0007, 0
A, 1009, ALA,  0.0562,  -0.3481,   0.0012, 0
A, 1010, VAL,  0.0736,  -0.3384,   0.0016, 0
A, 1011, PHE,  0.0016,  -0.3786,   0.0003, 0
A, 1012, ASP,  0.0270,  -0.3644,   0.0006, 0
A, 1013, PHE,  0.0213,  -0.3676,   0.0005, 0
A, 1014, SER,  0.0634,  -0.3441,   0.0013, 0
A, 1015, GLY,  0.0455,  -0.3541,   0.0009, 0
A, 1016, THR,  0.0247,  -0.3657,   0.0006, 0
A, 1017, GLY,  0.0295,  -0.3630,   0.0006, 0
A, 1018, PRO,  0.0347,  -0.3601,   0.0007, 0
A, 1019, GLU,  0.1012,  -0.3230,   0.0024, 0
A, 1020, VAL,  0.5390,  -0.0790,   0.0416, 0
A, 1021, PHE,  0.8012,   0.0671,   0.0914, 0
A, 1022, GLY,  0.6454,  -0.0197,   0.0592, 0
A, 1023, ASN,  0.5825,  -0.0548,   0.0485, 0
A, 1024, LEU,  0.5663,  -0.0638,   0.0458, 0
A, 1025, ASN,  0.0840,  -0.3326,   0.0018, 0
A, 1026, ALA,  0.1086,  -0.3189,   0.0026, 0
A, 1027, PRO,  0.3891,  -0.1626,   0.0224, 0
A, 1028, ARG,  0.7633,   0.0460,   0.0830, 0
A, 1029, ALA,  0.4412,  -0.1335,   0.0284, 0
A, 1030, VAL,  0.0554,  -0.3486,   0.0011, 0
A, 1031, THR,  0.0000,  -0.3795,   0.0002, 0
A, 1032, LEU,  0.3116,  -0.2058,   0.0149, 0
A, 1033, SER,  0.0427,  -0.3557,   0.0009, 0
A, 1034, ALA,  0.0000,  -0.3795,   0.0002, 0
A, 1035, LEU,  0.0390,  -0.3577,   0.0008, 0
A, 1036, ILE,  0.0802,  -0.3348,   0.0017, 0
A, 1037, TYR,  0.4447,  -0.1316,   0.0288, 0
A, 1038, CYS,  0.0000,  -0.3795,   0.0002, 0
A, 1039, LEU,  0.0000,  -0.3795,   0.0002, 0
A, 1040, ARG,  1.0676,   0.2156,   0.1593, 2
A, 1041, CYS,  1.9414,   0.7027,   0.3991, 2
A, 1042, LEU,  2.7760,   1.1679,   0.5736, 2
A, 1043, VAL,  0.9241,   0.1356,   0.1213, 0
A, 1044, GLY,  1.2982,   0.3442,   0.2244, 2
A, 1045, ARG,  0.7769,   0.0536,   0.0861, 2
A, 1046, ASP,  2.2557,   0.8778,   0.4715, 2
A, 1047, ILE,  0.7488,   0.0379,   0.0799, 0
A, 1048, PRO,  0.9051,   0.1251,   0.1164, 8
A, 1049, LEU,  0.6011,  -0.0444,   0.0515, 0
A, 1050, ASN,  0.1085,  -0.3190,   0.0026, 0
A, 1051, GLN,  0.2748,  -0.2263,   0.0119, 0
A, 1052, GLY,  0.0323,  -0.3614,   0.0007, 0
A, 1053, CYS,  0.0006,  -0.3791,   0.0002, 0
A, 1054, LEU,  0.3499,  -0.1844,   0.0185, 0
A, 1055, ALA,  0.0803,  -0.3347,   0.0017, 0
A, 1056, PRO,  0.0504,  -0.3514,   0.0010, 0
A, 1057, VAL,  0.2447,  -0.2431,   0.0097, 0
A, 1058, ARG,  0.3437,  -0.1879,   0.0179, 0
A, 1059, VAL,  0.2461,  -0.2423,   0.0098, 0
A, 1060, VAL,  0.0454,  -0.3542,   0.0009, 0
A, 1061, ILE,  0.0494,  -0.3519,   0.0010, 0
A, 1062, PRO,  0.0844,  -0.3324,   0.0019, 0
A, 1063, ARG,  0.1795,  -0.2794,   0.0057, 0
A, 1064, GLY,  0.0569,  -0.3477,   0.0012, 0
A, 1065, SER,  0.0300,  -0.3627,   0.0006, 0
A, 1066, ILE,  0.0004,  -0.3792,   0.0002, 0
A, 1067, LEU,  0.0814,  -0.3341,   0.0018, 0
A, 1068, ASP,  0.4770,  -0.1136,   0.0328, 0
A, 1069, PRO,  0.3180,  -0.2022,   0.0155, 0
A, 1070, SER,  0.2390,  -0.2462,   0.0093, 0
A, 1071, PRO,  0.3304,  -0.1953,   0.0166, 0
A, 1072, GLU,  0.0939,  -0.3271,   0.0021, 0
A, 1073, ALA,  0.1010,  -0.3232,   0.0024, 0
A, 1074, ALA,  0.0577,  -0.3473,   0.0012, 0
A, 1075, VAL,  0.0272,  -0.3643,   0.0006, 0
A, 1076, VAL,  0.0000,  -0.3795,   0.0002, 0
A, 1077, GLY,  0.0000,  -0.3795,   0.0002, 0
A, 1078, GLY,  0.0000,  -0.3795,   0.0002, 0
A, 1079, ASN,  1.6062,   0.5159,   0.3120, 9
A, 1080, VAL,  1.7875,   0.6169,   0.3604, 9
A, 1081, LEU,  0.0000,  -0.3795,   0.0002, 0
A, 1082, THR,  0.0000,  -0.3795,   0.0002, 0
A, 1083, SER,  0.0000,  -0.3795,   0.0002, 0
A, 1084, GLN,  0.0507,  -0.3512,   0.0010, 0
A, 1085, ARG,  0.0000,  -0.3795,   0.0002, 0
A, 1086, VAL,  0.0000,  -0.3795,   0.0002, 0
A, 1087, VAL,  0.1924,  -0.2722,   0.0064, 0
A, 1088, ASP,  0.3980,  -0.1576,   0.0233, 0
A, 1089, VAL,  0.2102,  -0.2623,   0.0075, 0
A, 1090, ILE,  0.0000,  -0.3795,   0.0002, 0
A, 1091, LEU,  0.6726,  -0.0046,   0.0643, 0
A, 1092, GLY,  0.7200,   0.0219,   0.0738, 0
A, 1093, ALA,  0.3568,  -0.1806,   0.0191, 0
A, 1094, PHE,  1.6289,   0.5285,   0.3181, 2
A, 1095, GLY,  1.2667,   0.3266,   0.2154, 2
A, 1096, ALA,  2.8922,   1.2326,   0.5934, 2
A, 1097, CYS,  1.6600,   0.5458,   0.3266, 0
A, 1098, ALA,  0.3310,  -0.1950,   0.0167, 0
A, 1099, ALA,  0.3310,  -0.1950,   0.0167, 0
A, 1100, SER,  0.7752,   0.0526,   0.0857, 0
A, 1101, GLN,  0.0000,  -0.3795,   0.0002, 0
A, 1102, GLY,  0.0000,  -0.3795,   0.0002, 0
A, 1103, CYS,  0.0000,  -0.3795,   0.0002, 0
A, 1104, MET,  1.7875,   0.6169,   0.3604, 9
A, 1105, ASN,  0.0000,  -0.3795,   0.0002, 0
A, 1106, ASN,  1.1036,   0.2357,   0.1692, 0
A, 1107, VAL,  0.1836,  -0.2771,   0.0059, 0
A, 1108, THR,  0.0252,  -0.3654,   0.0006, 0
A, 1109, LEU,  0.1581,  -0.2913,   0.0047, 0
A, 1110, GLY,  0.1675,  -0.2861,   0.0051, 0
A, 1111, ASN,  0.0820,  -0.3338,   0.0018, 0
A, 1112, ALA,  0.0867,  -0.3312,   0.0019, 0
A, 1113, HIS,  0.1841,  -0.2768,   0.0060, 10
A, 1114, MET,  0.5184,  -0.0905,   0.0385, 10
A, 1115, GLY,  0.8533,   0.0962,   0.1037, 10
A, 1116, TYR,  0.6323,  -0.0270,   0.0569, 0
A, 1117, TYR,  2.0638,   0.7709,   0.4283, 9
A, 1118, GLU,  0.1777,  -0.2804,   0.0056, 0
A, 1119, THR,  1.4486,   0.4280,   0.2680, 9
A, 1120, VAL,  0.1584,  -0.2912,   0.0047, 0
A, 1121, ALA,  0.0000,  -0.3795,   0.0002, 0
A, 1122, GLY,  0.0000,  -0.3795,   0.0002, 0
A, 1123, GLY,  0.0000,  -0.3795,   0.0002, 0
A, 1124, ALA,  0.5140,  -0.0930,   0.0379, 0
A, 1125, GLY,  0.5237,  -0.0875,   0.0393, 0
A, 1126, ALA,  0.1386,  -0.3022,   0.0038, 0
A, 1127, GLY,  0.0188,  -0.3690,   0.0005, 0
A, 1128, PRO,  2.0383,   0.7567,   0.4225, 2
A, 1129, SER,  0.8276,   0.0818,   0.0977, 2
A, 1130, TRP,  3.2822,   1.4501,   0.6533, 2
A, 1131, HIS,  0.6467,  -0.0190,   0.0594, 17
A, 1132, GLY,  0.8349,   0.0859,   0.0993, 0
A, 1133, ARG,  1.0892,   0.2276,   0.1651, 0
A, 1134, SER,  1.0286,   0.1939,   0.1486, 0
A, 1135, GLY,  0.0926,  -0.3278,   0.0021, 0
A, 1136, VAL,  0.3518,  -0.1834,   0.0186, 0
A, 1137, HIS,  0.5130,  -0.0935,   0.0378, 0
A, 1138, SER,  0.5833,  -0.0544,   0.0486, 0
A, 1139, HIS,  0.7757,   0.0529,   0.0858, 0
A, 1140, MET,  0.6399,  -0.0228,   0.0582, 0
A, 1141, THR,  0.7624,   0.0455,   0.0828, 9
A, 1142, ASN,  0.5551,  -0.0701,   0.0441, 0
A, 1143, THR,  1.1119,   0.2403,   0.1715, 9
A, 1144, ARG,  1.5081,   0.4612,   0.2850, 0
A, 1145, ILE,  0.4472,  -0.1302,   0.0291, 0
A, 1146, THR,  0.3413,  -0.1892,   0.0177, 0
A, 1147, ASP,  0.5135,  -0.0932,   0.0378, 11
A, 1148, PRO,  0.0584,  -0.3469,   0.0012, 0
A, 1149, GLU,  0.4177,  -0.1466,   0.0256, 4
A, 1150, ILE,  0.9275,   0.1375,   0.1222, 4
A, 1151, LEU,  0.0830,  -0.3332,   0.0018, 0
A, 1152, GLU,  0.0598,  -0.3461,   0.0012, 0
A, 1153, SER,  1.5694,   0.4953,   0.3019, 4
A, 1154, ARG,  0.7562,   0.0421,   0.0814, 4
A, 1155, TYR,  1.1480,   0.2604,   0.1816, 10
A, 1156, PRO,  0.1900,  -0.2736,   0.0063, 0
A, 1157, VAL,  0.2053,  -0.2650,   0.0072, 0
A, 1158, ILE,  0.5096,  -0.0954,   0.0373, 0
A, 1159, LEU,  0.3327,  -0.1940,   0.0169, 0
A, 1160, ARG,  0.4611,  -0.1224,   0.0308, 0
A, 1161, ARG,  0.5731,  -0.0600,   0.0469, 0
A, 1162, PHE,  0.0044,  -0.3770,   0.0003, 0
A, 1163, GLU,  0.1862,  -0.2757,   0.0061, 0
A, 1164, LEU,  0.5873,  -0.0521,   0.0492, 0
A, 1165, ARG,  0.3308,  -0.1951,   0.0167, 0
A, 1166, ARG,  0.5064,  -0.0972,   0.0368, 0
A, 1167, GLY,  0.2989,  -0.2128,   0.0139, 0
A, 1168, SER,  0.2103,  -0.2622,   0.0075, 0
A, 1169, GLY,  0.2840,  -0.2211,   0.0127, 0
A, 1170, GLY,  0.1519,  -0.2948,   0.0044, 0
A, 1171, ARG,  0.1210,  -0.3120,   0.0031, 0
A, 1172, GLY,  0.0219,  -0.3672,   0.0005, 0
A, 1173, ARG,  0.3195,  -0.2014,   0.0156, 0
A, 1174, PHE,  0.3865,  -0.1640,   0.0221, 17
A, 1175, ARG,  0.4499,  -0.1287,   0.0294, 0
A, 1176, GLY,  0.4068,  -0.1527,   0.0243, 0
A, 1177, GLY,  0.4588,  -0.1237,   0.0305, 0
A, 1178, ASP,  0.5813,  -0.0554,   0.0483, 0
A, 1179, GLY,  0.0000,  -0.3795,   0.0002, 0
A, 1180, VAL,  0.0000,  -0.3795,   0.0002, 0
A, 1181, THR,  0.3773,  -0.1691,   0.0212, 0
A, 1182, ARG,  0.1584,  -0.2912,   0.0047, 0
A, 1183, GLU,  0.6379,  -0.0239,   0.0579, 0
A, 1184, LEU,  0.1584,  -0.2912,   0.0047, 0
A, 1185, LEU,  0.3617,  -0.1778,   0.0196, 0
A, 1186, PHE,  0.2896,  -0.2180,   0.0131, 0
A, 1187, ARG,  0.6920,   0.0063,   0.0681, 0
A, 1188, GLU,  0.1969,  -0.2697,   0.0067, 0
A, 1189, GLU,  0.1843,  -0.2768,   0.0060, 0
A, 1190, ALA,  0.1650,  -0.2875,   0.0050, 0
A, 1191, LEU,  0.1173,  -0.3141,   0.0030, 0
A, 1192, LEU,  0.0010,  -0.3789,   0.0002, 0
A, 1193, SER,  0.0660,  -0.3426,   0.0014, 0
A, 1194, VAL,  0.0252,  -0.3654,   0.0006, 0
A, 1195, LEU,  0.1797,  -0.2793,   0.0057, 0
A, 1196, THR,  0.4222,  -0.1441,   0.0261, 0
A, 1197, GLU,  0.4436,  -0.1322,   0.0287, 0
A, 1198, ARG,  0.1092,  -0.3186,   0.0027, 0
A, 1199, ARG,  0.5761,  -0.0584,   0.0474, 0
A, 1200, ALA,  0.4508,  -0.1282,   0.0295, 0
A, 1201, PHE,  0.3175,  -0.2025,   0.0155, 0
A, 1202, ARG,  0.3731,  -0.1715,   0.0207, 0
A, 1203, PRO,  0.0803,  -0.3347,   0.0017, 0
A, 1204, TYR,  0.7906,   0.0612,   0.0891, 0
A, 1205, GLY,  0.4830,  -0.1102,   0.0336, 0
A, 1206, LEU,  0.6327,  -0.0268,   0.0570, 0
A, 1207, HIS,  0.7280,   0.0263,   0.0755, 0
A, 1208, GLY,  0.0635,  -0.3440,   0.0013, 0
A, 1209, GLY,  0.0669,  -0.3422,   0.0014, 0
A, 1210, GLU,  0.0961,  -0.3259,   0.0022, 0
A, 1211, PRO,  0.1648,  -0.2876,   0.0050, 0
A, 1212, GLY,  0.1450,  -0.2986,   0.0041, 0
A, 1213, ALA,  0.1997,  -0.2682,   0.0068, 0
A, 1214, ARG,  0.3061,  -0.2089,   0.0145, 0
A, 1215, GLY,  0.0948,  -0.3266,   0.0022, 0
A, 1216, LEU,  0.3254,  -0.1981,   0.0162, 0
A, 1217, ASN,  0.0397,  -0.3574,   0.0008, 0
A, 1218, LEU,  0.4771,  -0.1135,   0.0328, 0
A, 1219, LEU,  0.1887,  -0.2743,   0.0062, 0
A, 1220, ILE,  0.4427,  -0.1327,   0.0286, 0
A, 1221, ARG,  0.3232,  -0.1993,   0.0160, 0
A, 1222, LYS,  0.0929,  -0.3277,   0.0021, 0
A, 1223, ASN,  0.0500,  -0.3516,   0.0010, 0
A, 1224, GLY,  0.0170,  -0.3700,   0.0004, 0
A, 1225, ARG,  0.1779,  -0.2803,   0.0056, 0
A, 1226, THR,  0.1716,  -0.2838,   0.0053, 0
A, 1227, VAL,  0.2368,  -0.2475,   0.0092, 0
A, 1228, ASN,  0.2670,  -0.2306,   0.0113, 0
A, 1229, LEU,  0.4190,  -0.1459,   0.0257, 0
A, 1230, GLY,  0.8534,   0.0962,   0.1037, 0
A, 1231, GLY,  0.8505,   0.0946,   0.1030, 0
A, 1232, LYS,  1.3148,   0.3534,   0.2293, 0
A, 1233, THR,  0.2415,  -0.2448,   0.0095, 0
A, 1234, SER,  0.1101,  -0.3181,   0.0027, 0
A, 1235, VAL,  0.1659,  -0.2870,   0.0051, 0
A, 1236, THR,  0.1603,  -0.2901,   0.0048, 0
A, 1237, VAL,  0.1652,  -0.2874,   0.0050, 0
A, 1238, TYR,  0.1189,  -0.3132,   0.0030, 0
A, 1239, PRO,  0.1205,  -0.3123,   0.0031, 0
A, 1240, GLY,  0.1889,  -0.2742,   0.0062, 0
A, 1241, ASP,  0.0980,  -0.3248,   0.0023, 0
A, 1242, VAL,  0.1325,  -0.3056,   0.0036, 0
A, 1243, PHE,  0.1584,  -0.2912,   0.0047, 0
A, 1244, CYS,  0.4471,  -0.1302,   0.0291, 0
A, 1245, LEU,  0.1584,  -0.2912,   0.0047, 0
A, 1246, HIS,  0.6280,  -0.0294,   0.0561, 0
A, 1247, THR,  0.0000,  -0.3795,   0.0002, 0
A, 1248, PRO,  0.0000,  -0.3795,   0.0002, 0
A, 1249, GLY,  0.0000,  -0.3795,   0.0002, 0
A, 1250, GLY,  0.0000,  -0.3795,   0.0002, 0
A, 1251, GLY,  0.0000,  -0.3795,   0.0002, 0
A, 1252, GLY,  0.0000,  -0.3795,   0.0002, 0
A, 1253, TYR,  0.4392,  -0.1346,   0.0282, 0
A, 1254, GLY,  0.1886,  -0.2744,   0.0062, 0
A, 1255, ASP,  0.1413,  -0.3007,   0.0039, 0
A, 1256, PRO,  0.0223,  -0.3670,   0.0005, 0
A, 1257, GLU,  0.0095,  -0.3741,   0.0003, 0
A, 1258, ASP,  0.1897,  -0.2737,   0.0063, 0
A, 1259, PRO,  0.0223,  -0.3670,   0.0005, 0
A, 1260, ALA,  0.0943,  -0.3269,   0.0022, 0
A, 1261, PRO,  0.1645,  -0.2878,   0.0050, 0
A, 1262, PRO,  0.1099,  -0.3182,   0.0027, 0
A, 1263, PRO,  0.1303,  -0.3069,   0.0035, 0
A, 1264, GLY,  0.0859,  -0.3316,   0.0019, 17
A, 1265, SER,  0.1461,  -0.2980,   0.0042, 0
A, 1266, PRO,  0.1051,  -0.3209,   0.0025, 0
A, 1267, PRO,  0.1963,  -0.2700,   0.0066, 0
A, 1268, GLN,  0.1482,  -0.2969,   0.0042, 0
A, 1269, ALA,  0.0267,  -0.3646,   0.0006, 0
A, 1270, LEU,  0.3955,  -0.1590,   0.0231, 0
A, 1271, ALA,  0.5492,  -0.0733,   0.0432, 6
A, 1272, PHE,  4.0743,   1.8916,   0.7490, 2
A, 1273, PRO,  0.6435,  -0.0208,   0.0588, 2
A, 1274, GLU,  0.5116,  -0.0943,   0.0376, 0
A, 1275, HIS,  1.2105,   0.2953,   0.1993, 2
A, 1276, GLY,  0.3450,  -0.1871,   0.0180, 2
A, 1277, SER,  0.4671,  -0.1191,   0.0315, 0
A, 1278, VAL,  0.2223,  -0.2555,   0.0082, 17
A, 1279, TYR,  0.4170,  -0.1470,   0.0255, 0
A, 1280, GLU,  0.9193,   0.1329,   0.1201, 1
A, 1281, TYR,  0.3593,  -0.1792,   0.0193, 1
A, 1282, ARG,  0.2160,  -0.2591,   0.0078, 17
A, 1283, ARG,  0.2245,  -0.2543,   0.0084, 0
A, 1284, ALA,  0.4342,  -0.1374,   0.0275, 1
A, 1285, GLN,  0.3146,  -0.2041,   0.0152, 0
A, 1286, GLU,  0.2604,  -0.2343,   0.0108, 0
A, 1287, ALA,  0.9071,   0.1262,   0.1169, 1
A, 1288, VAL,  1.8852,   0.6713,   0.3853, 1
